,Symbol,Market,Name,Sector,Industry,ListingDate,SettleMonth,Representative,HomePage,Region,Report_Date,Stock_Amount,Quarter_Revenue2022_3,Quarter_Operating_Profit2022_3,Quarter_Cashflow2022_3,Quarter_Earn2022_3,Quarter_Continue_Earn2022_3,Quarter_Percent_Operating_Profit2022_3,Quarter_Percent_Cashflow2022_3,Quarter_Percent_Earn2022_3,Quarter_Revenue2021_12,Quarter_Operating_Profit2021_12,Quarter_Cashflow2021_12,Quarter_Earn2021_12,Quarter_Continue_Earn2021_12,Quarter_Percent_Operating_Profit2021_12,Quarter_Percent_Cashflow2021_12,Quarter_Percent_Earn2021_12,Quarter_Full_EPS,Last_Revenue2021_3,Last_Operating_Profit2021_3,Last_Cashflow2021_3,Last_Earn2021_3,Last_Continue_Earn2021_3,Last_Percent_Operating_Profit2021_3,Last_Percent_Cashflow2021_3,Last_Percent_Earn2021_3,Last_Revenue2020_12,Last_Operating_Profit2020_12,Last_Cashflow2020_12,Last_Earn2020_12,Last_Continue_Earn2020_12,Last_Percent_Operating_Profit2020_12,Last_Percent_Cashflow2020_12,Last_Percent_Earn2020_12,Fake_Last_Full_EPS,Last_Full_Revenue,Last_Full_Operating_Profit,Last_Full_Cashflow,Last_Full_Earn,Real_Last_Full_EPS,Quarter_BPS,Last_Full_BPS,Quarter_ROA,Last_Full_ROA,QUARTER_ROE,LAST_FULL_ROE,Operating_Profit_Change_Now,Operating_Profit_Change_Before,Revenue_Change_Now,Revenue_Change_Before,Quarter_Top_Stock_Price,Recent_Market_Gun,Quarter_Per,Last_Top_Stock_Price,Fake_Last_Per,Real_Last_Per,Price_Percent_Change,Price_Percent_Change_Three_Year,Price_Percent_Compare_Old_Biggest_Now,Old_Top_Stock_Price_Date,Price_Percent_Change_Year,Price_Percent_Compare_Last_Bigget_Now,Last_Top_Stock_Price_Date
43,88790,KOSPI,진도,기타 전문 도매업,"모피제품 제조,가공",2006-03-28,12월,임병남,http://www.jindofand.co.kr,서울특별시,2022-08-16,12447056.0,17860841731.0,2852565998.0,15524483279.0,2107236069.0,0.0,15.97,86.92,11.8,27148227474.0,3951559894.0,4404184621.0,3539189279.0,0.0,14.56,16.22,13.04,676.0,14642736158.0,963364415.0,10706336765.0,1038630662.0,0.0,6.58,73.12,7.09,22454810616.0,522444592.0,5608187908.0,-594512502.0,0.0,2.33,24.98,-2.65,332.0,58961462990.0,3775884191.0,10690116847.0,3568236830.0,286.0,8495.0,8087.0,6.14,2.62,7.96,3.54,9.39,12.23,21.97748793856264,20.90160962950069,3070,38212461920,4.54,4100,12.35,14.34,7.8,148.31,115.96,2021-04-02,44.47,33.55,2022-04-05
9,1770,KOSPI,SHD,1차 철강 제조업,"석도강판,표면처리강판 제조,임가공,판매",1988-11-23,12월,신종호,http://www.shinhwatp.com,경기도,2022-08-12,1214746.0,28271973142.0,2683513780.0,12342480705.0,1967947525.0,0.0,9.49,43.66,6.96,29469052178.0,2181900171.0,-381543704.0,2354932968.0,0.0,7.4,-1.29,7.99,6480.0,23166145869.0,144370135.0,5135446558.0,290722023.0,0.0,0.62,22.17,1.25,22664269254.0,661944523.0,1209224251.0,309361830.0,0.0,2.92,5.34,1.36,956.0,104770706369.0,5712545723.0,-770577690.0,5792585283.0,4768.0,37033.0,33423.0,9.54,8.15,17.5,14.27,8.870000000000001,4.48,22.040037656123072,30.024276749178792,32300,39236295800,4.98,43000,44.98,9.02,3.94,125.52,34.06,2021-04-12,52.54,33.13,2022-06-14
38,760,KOSPI,이화산업,기타 전문 도매업,"염료(반응성염료,분산염료,범용염료,직접염료,산성염료),염료화성품,합성수지,고무 도매,제조",1994-04-29,12월,홍성우,http://www.rifa.co.kr,서울특별시,2022-08-16,2800357.0,14391303714.0,450974040.0,-1585379901.0,629491442.0,0.0,3.13,-11.02,4.37,17669640503.0,419859612.0,-1157030576.0,257169224.0,0.0,2.38,-6.55,1.46,896.0,13556646700.0,-1055734734.0,-1486335899.0,49553048745.0,0.0,-7.79,-10.96,365.53,13542531707.0,-2305992972.0,-3837127299.0,-211724667.0,0.0,-17.03,-28.33,-1.56,70780.0,57775111897.0,-4965189508.0,-7411844444.0,47088403455.0,16815.0,83716.0,83400.0,0.92,17.13,1.07,20.16,10.92,19.41,6.156810253084194,,16000,44805712000,17.86,19250,0.27,1.14,3.83,63.99,46.56,2021-03-31,23.4,20.31,2021-09-06
13,24070,KOSPI,WISCOM,플라스틱제품 제조업,"플라스틱제품(PVC컴파운드,ABS,PS가공) 제조,도매,임가공",1996-11-22,12월,구영일,http://www.wiscom.co.kr,경기도,2022-08-16,15326526.0,34697031938.0,562565521.0,2376539055.0,232876764.0,0.0,1.62,6.85,0.67,31521962846.0,538496447.0,-329953367.0,-1368905.0,0.0,1.71,-1.05,-0.0,60.0,28642354847.0,-35115951.0,-161432423.0,670263336.0,0.0,-0.12,-0.56,2.34,26813917148.0,-804524052.0,1971425824.0,-744682710.0,0.0,-3.0,7.35,-2.78,172.0,117607135078.0,-34184360.0,525775422.0,1211761877.0,79.0,7954.0,7838.0,0.65,0.9,0.75,1.01,1.7400000000000002,4.71,21.13889421223397,,3195,48968250570,53.25,4770,27.73,60.38,1.31,195.59,110.02,2021-06-18,51.57,49.3,2021-09-10
32,4920,KOSPI,씨아이테크,그외 기타 제품 제조업,"컴퓨터 소프트웨어,하드웨어 서버,도매",1989-11-30,12월,김대영,http://www.citech.kr,서울특별시,2022-08-16,40809663.0,12421473585.0,1241035042.0,3852774806.0,3701765807.0,0.0,9.99,31.02,29.8,17972421539.0,2179875446.0,2394705138.0,4773675614.0,990882676.0,12.13,13.32,26.56,360.0,9058945790.0,-2863277673.0,905411563.0,-4587632350.0,0.0,-31.61,9.99,-50.64,13386670748.0,-675808780.0,1640213311.0,-3289994394.0,-7612846163.0,-5.05,12.25,-24.58,-448.0,47230072502.0,871731347.0,-3648266232.0,-6310819169.0,-154.0,1425.0,1171.0,14.92,-7.93,25.26,-13.2,41.6,17.18,37.11831236159765,34.25609606245916,1200,48971595600,3.33,1620,-3.62,-10.52,2.88,115.8,61.67,2021-04-27,62.0,35.0,2022-01-06
20,6570,KOSPI,대림통상,기타 금속 가공제품 제조업,"수전금구,비데,위생도기,샤워부스,타일,양식기,무역",1975-11-20,12월,"고은희, 이지용",http://www.dlt.co.kr,서울특별시,2022-08-16,15201033.0,42237522906.0,1870396248.0,-341139871.0,1156535665.0,0.0,4.43,-0.81,2.74,44431207514.0,3084542296.0,351029036.0,975681014.0,0.0,6.94,0.79,2.2,304.0,35432099534.0,-558183799.0,1000723606.0,-862554573.0,0.0,-1.58,2.82,-2.43,37551184407.0,-2444403424.0,-678043422.0,-8640400887.0,0.0,-6.51,-1.81,-23.01,-224.0,155229119203.0,2943841594.0,-2709490729.0,285043364.0,18.0,5210.0,5008.0,2.74,0.17,5.83,0.37,6.01,13.45,19.206943594944576,18.32172064782457,3850,58523977050,12.66,4580,-20.45,254.44,3.12,41.63,37.4,2021-02-01,29.82,18.96,2022-04-15
44,10640,KOSPI,진양폴리,플라스틱제품 제조업,"폴리우레탄,폴리우레탄스폰지 제조,판매",1989-09-30,12월,"김상용,조영태(각자대표이사)",http://www.chinyangpoly.kr,경기도,2022-08-16,9999768.0,13948853236.0,1252430220.0,1544090668.0,902355132.0,0.0,8.98,11.07,6.47,15781461714.0,1811031743.0,86788625.0,1514881031.0,0.0,11.48,0.55,9.6,360.0,11028007924.0,376290731.0,186466827.0,222779952.0,0.0,3.41,1.69,2.02,9230781897.0,235128693.0,454631722.0,49841629.0,0.0,2.55,4.93,0.54,88.0,53069415717.0,4715418691.0,4160884188.0,3802118983.0,380.0,3039.0,2947.0,6.98,7.91,11.84,12.9,5.57,8.93,26.48570197019383,70.96560064027693,6310,63098536080,17.53,9340,106.14,24.58,2.92,234.77,48.02,2022-03-04,140.54,48.02,2022-03-04
24,2690,KOSPI,동일제강,1차 철강 제조업,"PC강연선, 경강선, 도금선, 마봉강",2015-09-24,12월,"임범수, 김우진",http://www.dongil-steel.com,경기도,2022-08-16,20301931.0,49172132984.0,3913793974.0,-3324058825.0,3244280949.0,0.0,7.96,-6.76,6.6,49610358173.0,395698325.0,-6397356663.0,1165086477.0,0.0,0.8,-12.9,2.35,636.0,37758321524.0,1317711622.0,-1220323091.0,1297037606.0,0.0,3.49,-3.23,3.44,33531408429.0,-177819937.0,9119904394.0,499495977.0,0.0,-0.53,27.2,1.49,252.0,182235773870.0,7872984392.0,-8161281498.0,8250673190.0,406.0,8689.0,7563.0,6.33,4.57,7.32,5.37,4.47,1.33,30.228598622280224,,3400,69026565400,5.35,5320,21.11,13.1,5.9,180.59,56.47,2022-04-28,85.37,56.47,2022-04-28
49,6200,KOSPI,한국전자홀딩스,기타 금융업,"시장조사,경영컨설팅",1979-11-30,12월,박 명 덕,http://www.kecholdings.co.kr,서울특별시,2022-08-16,46808182.0,87854255824.0,10221106714.0,1522814620.0,11161032549.0,11161032549.0,11.63,1.73,12.7,93409629474.0,8722208351.0,12881513429.0,-9199257135.0,-9199257135.0,9.34,13.79,-9.85,952.0,72455609016.0,2998900501.0,787526982.0,13546919428.0,13546919428.0,4.14,1.09,18.7,62314829168.0,216169857.0,6354278874.0,-34998309371.0,29045946397.0,0.35,10.2,-56.16,1156.0,331176392129.0,38507381292.0,34548439820.0,29177553677.0,623.0,8229.0,6620.0,9.29,6.29,11.57,9.42,7.490000000000001,8.99,21.252525535462127,49.89951945815146,1515,70914395730,1.59,2565,2.22,4.12,4.12,322.57,69.31,2021-12-07,82.56,69.31,2021-12-07
2,69730,KOSPI,DSR제강,1차 철강 제조업,"와이어로프,각종 경강선,철선제품,PC강선,아연도 강연선 제조",2003-01-28,12월,홍하종,http://www.dsrcorp.com,전라남도,2022-08-12,14399088.0,60917992263.0,7093751065.0,1414302842.0,8370316388.0,0.0,11.64,2.32,13.74,60990582951.0,4502295686.0,-3800317480.0,3695646284.0,0.0,7.38,-6.23,6.06,2324.0,45845471055.0,-437543835.0,513633277.0,1351759937.0,0.0,-0.95,1.12,2.95,45398416265.0,-18968562.0,6185101323.0,11455042.0,0.0,-0.04,13.62,0.03,372.0,207142759596.0,4291637467.0,-13140394540.0,7620490221.0,529.0,11449.0,10683.0,13.05,3.15,20.3,4.95,12.59,7.42,32.8767942855637,34.3451775828154,5360,77179111680,2.31,10750,28.9,20.32,3.43,160.73,100.56,2021-09-16,134.26,100.56,2021-09-16
56,133820,KOSPI,화인베스틸,1차 철강 제조업,"조선용 형강(부등변 부등후 앵글, 부등호 앵글, 등변앵글 평철 등)",2014-07-22,12월,장재훈,http://www.finebesteel.com,경상남도,2022-08-16,29551002.0,34513154304.0,2799055552.0,-6950999105.0,1912288752.0,0.0,8.11,-20.14,5.54,45212831173.0,10062468230.0,3778792547.0,8798089960.0,0.0,22.26,8.36,19.46,256.0,23106683615.0,-3962490098.0,3695211002.0,-4796678050.0,0.0,-17.15,15.99,-20.76,22720443154.0,-8138966097.0,4054494025.0,-9339779149.0,0.0,-35.82,17.85,-41.11,-648.0,124076835252.0,5534587867.0,11174821919.0,2374205660.0,80.0,3042.0,2690.0,4.02,1.3,8.41,2.99,25.26,58.08,49.3643781991949,98.9962557796332,2845,84072600690,11.11,3805,-5.87,47.56,5.77,57.88,33.74,2022-01-26,40.61,33.74,2022-01-26
46,7980,KOSPI,태평양물산,봉제의복 제조업,"봉제의류(자켓,파카,코트),침구 제조,우모가공,생활용품 도소매,무역",1994-12-27,12월,임석원,http://www.panpacific.co.kr,서울특별시,2022-08-16,48163419.0,238644233297.0,5192780934.0,-10152644660.0,-4291228765.0,0.0,2.18,-4.25,-1.8,234386373329.0,864219138.0,25059892875.0,1910954199.0,0.0,0.37,10.69,0.82,-356.0,171592047851.0,-4448150868.0,-17104242143.0,-9426053925.0,0.0,-2.59,-9.97,-5.49,143442641792.0,-9631681154.0,57702383477.0,-672961223.0,0.0,-6.71,40.23,-0.47,-780.0,892927654015.0,1375375954.0,-43664200703.0,-13807493332.0,-286.0,3658.0,3422.0,-2.14,-1.81,-9.73,-8.38,4.77,7.08,39.076510995558486,63.40076451525035,1855,89343142245,-5.21,3345,-4.29,-11.7,2.43,85.32,80.32,2021-10-22,80.32,80.32,2021-10-22
39,950,KOSPI,전방,방적 및 가공사 제조업,"면사,면혼방사,마혼방사,화섬사,염색사,자수사,소모사,면직물,면혼방직물,화섬직물,특수가공직물 제조,판매,수출",1968-10-21,12월,조덕현,http://www.chonbang.co.kr,서울특별시,2022-08-12,1679549.0,33673981333.0,4387542875.0,-11142677687.0,2305402599.0,0.0,13.03,-33.09,6.85,36325188190.0,4477124997.0,1350773304.0,-283501006.0,0.0,12.33,3.72,-0.78,5488.0,30722680460.0,1127601067.0,1143969304.0,730361727.0,0.0,3.67,3.72,2.38,29527610314.0,-4063767163.0,-39873337290.0,23952924547.0,0.0,-13.76,-135.04,81.12,1736.0,133745227330.0,7360077995.0,-1445054674.0,159907246.0,95.0,89061.0,85752.0,2.31,0.04,6.16,0.11,9.36,26.09,9.60626100591224,,54000,90695646000,9.84,60100,34.62,632.63,6.63,296.7,11.3,2022-04-21,52.17,11.3,2022-04-21
54,111110,KOSPI,호전실업,봉제의복 제조업,스포츠웨어 및 아웃도어 웨어 OEM,2017-02-02,12월,박용철 박진호,http://www.hojeon.com,서울특별시,2022-08-16,10390778.0,86819852941.0,2813931108.0,-33442401944.0,1227139803.0,0.0,3.24,-38.52,1.41,106487373979.0,6243918393.0,35636643043.0,476170652.0,0.0,5.86,33.47,0.45,472.0,55612176014.0,-2391649079.0,-22662475856.0,-1703314156.0,0.0,-4.3,-40.75,-3.06,76870850539.0,-3195794170.0,42593809177.0,-11653430564.0,0.0,-4.16,55.41,-15.16,-652.0,344867583539.0,20619478511.0,13769158625.0,11774138735.0,1133.0,11231.0,11556.0,1.62,3.89,4.2,9.81,7.54,10.02,56.11662618478312,38.52763854222508,9200,95595157600,19.49,15300,-23.47,13.5,2.83,79.98,73.91,2021-06-03,70.0,66.3,2021-10-20
16,5320,KOSPI,국동,생활용품 도매업,"셔츠,스웨터,파자마(섬유제품) 제조,판매,수출/부동산 임대",1996-12-24,12월,오창규,http://www.kd.co.kr,서울특별시,2022-08-12,55209784.0,70554779462.0,1454841260.0,-6883771205.0,1239465989.0,0.0,2.06,-9.76,1.76,68198692514.0,643249617.0,7658791685.0,-2205129443.0,0.0,0.94,11.23,-3.23,88.0,42992963743.0,-3014185035.0,-16888130956.0,-1684866069.0,0.0,-7.01,-39.28,-3.92,45257809160.0,-7654653031.0,-9179124553.0,-12353263292.0,0.0,-16.91,-20.28,-27.3,-120.0,226961774057.0,-3587448466.0,-25316836611.0,-7948938059.0,-143.0,1962.0,1854.0,2.84,-4.72,4.49,-7.77,9.07,17.85,64.10773605596692,50.68933688967812,1825,100757855800,20.74,3900,-32.5,-27.27,2.23,225.52,173.97,2021-01-28,112.65,113.7,2021-08-12
11,11810,KOSPI,STX,상품 종합 도매업,"에너지 원료(석탄,석유),산업기자재(기계부품) 도매",1990-09-12,12월,박상준,http://www.stx.co.kr,경상남도,2022-08-12,28619474.0,295380000000.0,5077000000.0,1531000000.0,1580000000.0,0.0,1.72,0.52,0.53,276898000000.0,12177000000.0,-26529000000.0,-5718000000.0,-23318000000.0,4.4,-9.58,-2.07,220.0,201252000000.0,-4863000000.0,4538000000.0,-2984000000.0,0.0,-2.42,2.25,-1.48,156326000000.0,-6809000000.0,-15466000000.0,-8974000000.0,-23318000000.0,-4.36,-9.89,-5.74,-416.0,925509000000.0,9040000000.0,-12528000000.0,-15275000000.0,-533.0,4793.0,4281.0,0.88,-2.26,4.59,-12.47,4.14,8.760000000000002,46.771212211555664,77.12856466614639,3665,104890372210,16.66,6730,-16.18,-12.63,6.51,186.84,215.8,2021-05-03,91.25,83.63,2021-08-13
40,1550,KOSPI,조비,"비료, 농약 및 살균, 살충제 제조업","복합비료(연초용,수도용,시판용,특수작물용),양액재배용 비료,완효성 비료,부직포 제조,무역",1976-12-28,12월,이승연,http://www.chobi.co.kr,서울특별시,2022-08-16,5192317.0,43685817343.0,9568259374.0,-25064093152.0,8239538843.0,0.0,21.9,-57.37,18.86,18304148960.0,770097670.0,-5942655737.0,606852836.0,0.0,4.21,-32.47,3.32,6344.0,19799064371.0,1486964068.0,-12140422957.0,1440691068.0,0.0,7.51,-61.32,7.28,7963157130.0,-424772026.0,3900590418.0,-225021153.0,0.0,-5.33,48.98,-2.83,1108.0,84597515362.0,3077405830.0,-7973100192.0,1851220426.0,356.0,12028.0,10257.0,21.95,1.78,52.74,3.48,14.39,9.54,120.64586752385785,129.86045184317493,20450,106182882650,3.22,28200,25.45,79.21,4.5,104.62,62.59,2021-08-03,42.78,37.9,2021-10-20
27,2760,KOSPI,보락,기타 화학제품 제조업,"식품향료,식품첨가물,화학제품,껌베이스(자일리톨,에리스리톨),담배향료 제조,판매",1989-11-30,12월,정기련,http://www.bolak.co.kr,경기도,2022-08-12,59900059.0,10923950693.0,528849490.0,24266303.0,424446469.0,0.0,4.84,0.22,3.89,11064064943.0,209979126.0,923533464.0,229167445.0,0.0,1.9,8.35,2.07,28.0,8361544805.0,121645263.0,-569289752.0,136480329.0,0.0,1.45,-6.81,1.63,9643608702.0,74649752.0,2004965803.0,132355402.0,0.0,0.77,20.79,1.37,8.0,39763912508.0,1692124112.0,1177596809.0,1694987553.0,28.0,763.0,760.0,2.9,3.01,3.67,3.72,3.39,1.13,30.64512536568295,,1790,107221105610,63.93,2565,320.62,91.61,1.82,54.05,59.22,2020-09-15,45.0,43.3,2021-08-12
42,13870,KOSPI,지엠비코리아,자동차 신품 부품 제조업,"VS, TIB, CVJoint 등",2012-11-20,12월,"정세영, 변종문",http://www.gmb.co.kr,경상남도,2022-08-16,19071253.0,146089209558.0,4138969249.0,6591593457.0,3117267851.0,0.0,2.83,4.51,2.13,145565087201.0,6443924369.0,-1885285405.0,5846984732.0,0.0,4.43,-1.3,4.02,652.0,130322020983.0,1047783781.0,20698380.0,1538846467.0,0.0,0.8,0.02,1.18,130917446802.0,1952992931.0,1804564762.0,2150439504.0,0.0,1.49,1.38,1.64,320.0,531332180542.0,8377508126.0,4834024489.0,9753828529.0,511.0,13809.0,13040.0,2.18,1.87,4.72,3.92,2.03,2.9399999999999995,12.098637249538026,,5860,111757542580,8.99,7490,23.41,14.66,2.3,96.93,63.99,2021-02-04,37.18,27.82,2021-09-03
18,58730,KOSPI,다스코,"구조용 금속제품, 탱크 및 증기발생기 제조업","데크플레이트,도로안전시설물(가드레일,강재방호책),건축용단열재보드(경질우레탄보드),신재생에너지사업",2004-08-02,12월,한상원,http://www.dasco.kr,전라남도,2022-08-16,18085214.0,80286430690.0,1310006276.0,22196089125.0,-117856678.0,0.0,1.63,27.65,-0.15,115899386101.0,1996497177.0,-1850191978.0,2038982952.0,0.0,1.72,-1.6,1.76,-24.0,53183270463.0,-3575630414.0,9128968070.0,-3326295201.0,0.0,-6.72,17.17,-6.25,79932208171.0,-4577835074.0,-18090338627.0,-5494471340.0,0.0,-5.73,-22.63,-6.87,-732.0,363600169196.0,4312963481.0,-13031530409.0,-2427943894.0,-134.0,6881.0,6931.0,-0.15,-0.81,-0.35,-1.94,8.35,7.45,50.9618156067628,44.99710286128335,6190,111947474660,-257.92,8050,-11.0,-60.07,12.09,64.96,30.05,2022-05-31,67.36,30.05,2022-05-31
47,4720,KOSPI,팜젠사이언스,의약품 제조업,의약품 외,1990-06-15,12월,김혜연 박희덕(각자),http://www.pharmgenscience.com,경기도,2022-08-16,15491464.0,40967884658.0,3221113059.0,-1641178609.0,57942838368.0,0.0,7.86,-4.01,141.43,32527247093.0,748109103.0,3194826922.0,13276823443.0,0.0,2.3,9.82,40.82,14960.0,24012535191.0,-1391859758.0,1238508954.0,22358332280.0,0.0,-5.8,5.16,93.11,26141318750.0,-1788804688.0,-265577711.0,6294595073.0,0.0,-6.84,-1.02,24.08,5772.0,109866066814.0,-5037919443.0,7784092733.0,32465959378.0,2095.0,13348.0,8193.0,69.19,14.74,112.08,25.58,13.66,9.14,70.61040965534924,24.428485816156464,7840,121453077760,0.52,14800,2.56,7.06,3.38,319.59,236.1,2020-08-20,85.93,88.78,2021-09-29
8,4060,KOSPI,SG세계물산,상품 종합 도매업,"피복류,봉제품,P.E제품 수출입,도매,제조/조경사업",1976-04-19,12월,이의범,http://www.sgsegye.com,서울특별시,2022-08-16,202432562.0,39187531755.0,1126654889.0,299498492.0,296423069.0,0.0,2.88,0.76,0.76,40079148259.0,293677780.0,5017556913.0,-4527836517.0,-4527836517.0,0.73,12.52,-11.3,4.0,29472813417.0,-1942009214.0,-996238585.0,-1064300273.0,0.0,-6.59,-3.38,-3.61,39702024403.0,-5451931440.0,11656863256.0,13876433.0,58901726878.0,-13.73,29.36,0.03,-20.0,135746679450.0,-4744474966.0,3369193475.0,46959184631.0,231.0,1187.0,1206.0,0.26,15.23,0.34,19.22,9.47,14.46,32.96162534790969,,623,126115486126,155.75,921,-46.05,3.99,1.3,88.02,81.38,2019-09-23,49.27,47.83,2022-01-06
21,9190,KOSPI,대양금속,1차 철강 제조업,스테인레스 냉연강판 제조,1994-04-29,12월,조상종,http://www.daiyangmetal.co.kr,충청남도,2022-08-10,32356411.0,68951947165.0,10188800396.0,3341020178.0,9458549049.0,0.0,14.78,4.85,13.72,61667182915.0,6165811811.0,4403276020.0,6982357358.0,0.0,10.0,7.14,11.32,1168.0,39572005485.0,1323518721.0,-401030881.0,1859419189.0,0.0,3.34,-1.01,4.7,33623832119.0,-537549745.0,1693716902.0,-1805220765.0,0.0,-1.6,5.04,-5.37,228.0,203423901636.0,15188009078.0,-5352046822.0,15243418346.0,471.0,3714.0,3077.0,20.95,9.68,31.44,15.31,11.44,11.6,74.24425757531202,83.40319656828584,4110,132984849210,3.52,6140,26.93,13.04,11.96,451.43,369.59,2019-09-25,53.12,49.39,2021-09-06
51,7280,KOSPI,한국특강,1차 철강 제조업,"철강압연제품(앵글,이형형강,평철,환봉) 제조,판매",1989-11-13,12월,"한길구, 박성우",http://www.ekosco.com,경상남도,2022-08-16,60338322.0,208337413603.0,7141829509.0,-20084761033.0,4657057320.0,0.0,3.43,-9.64,2.24,161527996606.0,7546290458.0,8952937702.0,8932607164.0,0.0,4.67,5.54,5.53,308.0,134179624992.0,1479129162.0,-7231884131.0,-626519720.0,0.0,1.1,-5.39,-0.47,141630022157.0,722897884.0,17827652393.0,942312207.0,0.0,0.51,12.59,0.67,-40.0,691525199712.0,40011466223.0,3898185550.0,36783792499.0,609.0,2601.0,2353.0,3.36,8.02,11.84,25.91,2.33,4.16,55.267547971923015,,2490,150242421780,8.08,3815,-95.38,6.26,3.23,218.15,79.52,2021-05-06,54.89,53.21,2021-09-08
36,700,KOSPI,유수홀딩스,회사 본부 및 경영 컨설팅 서비스업,지주사업,1956-03-03,12월,송영규,http://www.eusu-holdings.com,서울특별시,2022-08-16,26041210.0,22224973309.0,8167237636.0,7392117407.0,8134748785.0,0.0,36.75,33.26,36.6,24203516608.0,8953773444.0,25429444585.0,7951793540.0,0.0,36.99,105.07,32.85,1248.0,16628491072.0,2125833695.0,-28127009495.0,4539588796.0,0.0,12.78,-169.15,27.3,10912171282.0,-12181814931.0,2056723660.0,73418863952.0,0.0,-111.64,18.85,672.82,696.0,81047873322.0,20347476590.0,-10889446999.0,24026921535.0,922.0,16255.0,15669.0,6.18,4.79,7.68,5.89,23.97,148.63,33.65598365340362,121.8029389616027,6190,161195089900,4.96,6860,9.86,7.44,2.48,55.56,37.96,2021-04-29,22.28,10.82,2021-12-28
31,9270,KOSPI,신원,봉제의복 제조업,"여성,남성의류,스웨터,의복관련 악세사리,사카린,망초 제조,판매,수출입/섬유의류 도매/신용카드업/의류전문 물류대행 및 임대사업",1988-08-24,12월,박정주,http://www.sw.co.kr,서울특별시,2022-08-16,95637035.0,270717272464.0,11722123734.0,13202946368.0,7727135609.0,0.0,4.33,4.88,2.85,242620290252.0,6270925209.0,-6538714075.0,3813023333.0,0.0,2.58,-2.7,1.57,320.0,187752361045.0,4188897506.0,9279707959.0,4908366609.0,0.0,2.23,4.94,2.61,156418745550.0,213220910.0,16215207742.0,-5020095899.0,0.0,0.14,10.37,-3.21,204.0,879417586200.0,21639200846.0,-12011175123.0,12132921629.0,126.0,2343.0,2211.0,5.94,2.41,13.65,5.74,2.1,2.44,44.18847835373702,,1820,174059403700,5.69,3930,19.26,31.19,2.65,170.1,115.93,2021-10-20,125.6,115.93,2021-10-20
35,70960,KOSPI,용평리조트,일반 및 생활 숙박시설 운영업,"리조트 운영, 콘도 분양",2016-05-27,12월,"신달순, 임학운 공동대표",http://www.yongpyong.co.kr,강원도,2022-08-16,48129444.0,34197869646.0,1885589260.0,-4317045569.0,-755005932.0,0.0,5.51,-12.62,-2.21,29482913779.0,7173109652.0,-12586514885.0,-3763486799.0,0.0,24.33,-42.69,-12.76,-60.0,27869494401.0,-2151326254.0,2076253091.0,-2562589243.0,0.0,-7.72,7.45,-9.19,26668014335.0,-3421411289.0,-7422162355.0,-7943219522.0,0.0,-12.83,-27.83,-29.79,-212.0,236330114660.0,30731092865.0,-11543045467.0,8673406976.0,180.0,7949.0,8025.0,-0.37,1.03,-0.75,2.25,13.23,37.16,22.70717636259999,10.55533947387163,4030,193961659320,-67.17,6470,-30.52,35.94,2.41,99.02,101.99,2019-09-20,57.57,60.55,2021-11-01
55,2460,KOSPI,화성산업,건물 건설업,아파트 건설,1988-09-29,12월,"이홍중,이종원",http://www.hwasung.com,대구광역시,2022-08-16,12450191.0,124370441227.0,6674118532.0,-43729429371.0,9692255236.0,0.0,5.37,-35.16,7.79,151301064702.0,18055901148.0,60251128949.0,12880276691.0,0.0,11.93,39.82,8.51,3112.0,67358741991.0,2565277143.0,-16273491181.0,4928523687.0,0.0,3.81,-24.16,7.32,68230471230.0,2925104665.0,18612651125.0,168999265.0,0.0,4.29,27.28,0.25,1580.0,422231395444.0,28631156224.0,-14507871895.0,29873981377.0,2399.0,33476.0,33491.0,4.62,3.7,9.3,7.16,1.56,7.64,84.63890142665892,,17400,216633323400,5.59,33500,21.2,13.96,1.59,214.55,92.53,2022-03-25,163.78,92.53,2022-03-25
6,1940,KOSPI,KISCO홀딩스,1차 철강 제조업,지주사업,1989-11-13,12월,"장세홍, 이병제 (각자대표)",http://www.kiscoholdings.co.kr,경상남도,2022-08-16,16175871.0,431197489304.0,39134013853.0,-22725830967.0,23004102004.0,0.0,9.08,-5.27,5.33,460016608923.0,53306464704.0,24479263633.0,31232891042.0,49232526451.0,11.59,5.32,6.79,5688.0,252736723960.0,12853454885.0,-32874460214.0,10697006775.0,0.0,5.09,-13.01,4.23,275211611380.0,13977285470.0,49621442654.0,-10064332934.0,105952955601.0,5.08,18.03,-3.66,2644.0,1580849338970.0,200741467324.0,133232338289.0,113726763359.0,7030.0,89859.0,87829.0,5.21,6.74,6.33,8.0,3.99,6.51,70.61133124929027,,14400,232932542400,2.53,23450,8.87,3.34,1.41,103.91,62.85,2021-09-08,65.14,62.85,2021-09-08
15,12610,KOSPI,경인양행,기초 화학물질 제조업,"반응성염료,직접염료,산성염료,삼원색원료 제조,수출입",1995-10-05,12월,"김흥준,조성용 (각자대표이사)",http://www.kyungin.co.kr,인천광역시,2022-08-16,41610893.0,113852837476.0,12143244506.0,7767678066.0,7576926803.0,8777373864.0,10.67,6.82,6.66,111498299363.0,11788545931.0,7628369322.0,6918415196.0,7854558507.0,10.57,6.84,6.2,728.0,94200315116.0,2857809622.0,9613705966.0,5610760283.0,6177961230.0,3.03,10.21,5.96,80681963827.0,743699776.0,16192417940.0,-5670302068.0,29235338274.0,0.92,20.07,-7.03,536.0,403325658612.0,28354678017.0,9230962632.0,24374478668.0,585.0,6342.0,6052.0,5.13,4.21,11.48,9.68,7.640000000000001,9.65,20.86248048724627,38.1948258003202,5950,247584813350,8.17,7420,13.84,12.68,3.55,60.03,68.91,2020-07-01,25.76,24.71,2022-05-06
41,18470,KOSPI,조일알미늄,1차 비철금속 제조업,"알루미늄판 제조,도매",1988-11-22,12월,"이영호,성원모",http://www.choilal.co.kr,경상북도,2022-08-16,125848716.0,165996555138.0,20788313368.0,-18694878454.0,19050156792.0,0.0,12.52,-11.26,11.48,143122873248.0,8602267124.0,-25280431785.0,8556670430.0,0.0,6.01,-17.66,5.98,604.0,96997441966.0,3101993129.0,-8567502856.0,2513219411.0,0.0,3.2,-8.83,2.59,90854922030.0,207619232.0,528609614.0,-429271388.0,0.0,0.23,0.58,-0.47,76.0,466932503112.0,18279237886.0,-28053513184.0,15675523934.0,124.0,1788.0,1325.0,18.09,4.51,33.77,9.39,9.32,5.779999999999999,71.13498229797224,57.52902545086253,2240,281901123840,3.71,3441,45.28,27.75,6.12,503.68,53.62,2021-09-08,98.1,53.62,2021-09-08
28,68290,KOSPI,삼성출판사,"서적, 잡지 및 기타 인쇄물 출판업","서적 출판,인쇄,소매/부동산 임대",2002-08-05,12월,김진용,http://www.samsungbooks.com,서울특별시,2022-08-16,10000211.0,51338029603.0,4276511281.0,9423986954.0,1473886223.0,0.0,8.33,18.36,2.87,56829981111.0,6092621730.0,16326104462.0,1692269727.0,0.0,10.72,28.73,2.98,588.0,42609406383.0,701250761.0,12712011031.0,510848036.0,0.0,1.65,29.83,1.2,41550284266.0,-1215494140.0,4157771590.0,50106018799.0,0.0,-2.93,10.01,120.59,204.0,187479540147.0,7997004015.0,44630629478.0,3159352601.0,315.0,26880.0,22339.0,1.52,0.93,2.19,1.41,6.68,13.65,20.48520259010809,36.773988710116136,28650,286506045150,48.72,50500,247.55,160.32,3.9,165.0,84.99,2021-04-09,89.14,76.27,2021-08-17
26,9580,KOSPI,무림P&P,"펄프, 종이 및 판지 제조업","표백화학펄프(B.K.P) 제조,목재가공,조림사업",1989-06-20,12월,이도균,http://www.moorimpnp.co.kr,울산광역시,2022-08-16,62366443.0,162205555518.0,10400102402.0,38533576509.0,4216107772.0,0.0,6.41,23.76,2.6,169207566056.0,10266563978.0,176527577.0,6933703515.0,0.0,6.07,0.1,4.1,268.0,137881812421.0,-8886804439.0,15114200001.0,-6632728402.0,0.0,-6.45,10.96,-4.81,132875648507.0,-5368705131.0,-18629214130.0,-9090870422.0,0.0,-4.04,-14.02,-6.84,-424.0,613699105829.0,29386707735.0,-15328185220.0,18590124909.0,298.0,10067.0,9924.0,1.11,1.25,2.66,3.0,12.86,10.11,17.641009114916006,27.342796033154265,4855,302789080765,18.12,5690,-13.42,19.09,7.22,85.62,22.35,2021-05-12,41.97,17.2,2022-04-25
50,104700,KOSPI,한국철강,1차 철강 제조업,철근. 단조강. 파이프,2008-09-29,12월,"문종인, 이수하 (각자대표)",http://www.kisco.co.kr,경상남도,2022-08-16,42446896.0,240898478939.0,22815181480.0,-12922767962.0,22823707445.0,0.0,9.47,-5.36,9.47,267099565982.0,27744024744.0,6575566444.0,28328211778.0,0.0,10.39,2.46,10.61,2148.0,135607667549.0,5451459689.0,-19698177481.0,8885455022.0,0.0,4.02,-14.53,6.55,161065449044.0,2947397908.0,25967862636.0,-44879034368.0,0.0,1.83,16.12,-27.86,836.0,886650133446.0,103286644200.0,52059221625.0,97251554504.0,2291.0,17781.0,17013.0,9.44,10.7,12.08,13.47,5.450000000000001,8.56,77.64370060561258,65.83293783201977,7190,305193182240,3.35,11000,13.16,4.8,4.06,192.13,80.81,2021-04-27,55.87,52.99,2021-09-07
4,1250,KOSPI,GS글로벌,상품 종합 도매업,"수출입업(시멘트,철강금속,전기전자,섬유,기계화학),상품중개,광업,채석업/하수처리 서비스/부동산 임대",1976-06-26,12월,이영환,http://www.gsgcorp.com,서울특별시,2022-08-12,82534233.0,1250815970594.0,23806175111.0,-48464923365.0,11878983174.0,0.0,1.9,-3.87,0.95,1302108016655.0,1082821236.0,-155521615342.0,-7659204605.0,0.0,0.08,-11.94,-0.59,572.0,679474772887.0,8063599045.0,-13988792667.0,2993625299.0,0.0,1.19,-2.06,0.44,641467153599.0,-8942976115.0,29431454002.0,-98850721193.0,0.0,-1.39,4.59,-15.41,144.0,3849040520289.0,38846703450.0,-344280590221.0,23321678873.0,282.0,4408.0,4149.0,2.97,1.62,12.97,6.81,0.71,1.47,84.08571156798736,,3720,307027346760,6.5,4650,32.29,16.49,8.9,169.57,25.0,2022-05-03,102.17,25.0,2022-05-03
12,2710,KOSPI,TCC스틸,1차 철강 제조업,"석도강판,표면처리강판 제조,판매",1984-12-21,12월,"손봉락, 조석희, 손기영 (각자대표)",http://www.tccsteel.com,경상북도,2022-08-12,23498537.0,136722700945.0,8690799822.0,-11266750884.0,4630919393.0,4551135319.0,6.36,-8.24,3.39,151933702439.0,10056947733.0,6706996154.0,16587026590.0,16929000026.0,6.62,4.41,10.92,788.0,116809168229.0,1502793095.0,6117753886.0,1204349662.0,1039205104.0,1.29,5.24,1.03,107105709170.0,-1163478398.0,1889909971.0,-1597086077.0,28650976085.0,-1.09,1.76,-1.49,204.0,536651129324.0,25597715868.0,7630670677.0,28807250405.0,1225.0,7266.0,6605.0,4.8,7.85,10.84,18.56,5.07,7.71,17.04791928400711,41.85397175966432,13600,319580103200,17.26,14800,72.55,12.08,5.4,537.38,8.82,2022-07-25,85.3,8.82,2022-07-25
0,95570,KOSPI,AJ네트웍스,산업용 기계 및 장비 임대업,"렌탈(파렛트, OA장비, 건설장비)",2015-08-21,12월,박대현,http://www.ajnet.co.kr,서울특별시,2022-08-12,46821382.0,295803640038.0,19242745659.0,2986064682.0,10854923388.0,0.0,6.51,1.01,3.67,231171942223.0,15256320579.0,-5686381096.0,441362225.0,0.0,6.6,-2.46,0.19,924.0,240931609871.0,3854976431.0,-4407379720.0,4779675291.0,0.0,1.6,-1.83,1.98,177672260254.0,-2483940918.0,42204489753.0,-781129047.0,0.0,-1.4,23.75,-0.44,408.0,1026749457003.0,45109542821.0,-11318072318.0,76737133075.0,1638.0,7709.0,7742.0,3.17,5.66,11.99,21.17,4.91,8.0,22.77494023983805,30.111443335339423,7830,366611421060,8.47,8030,19.68,4.9,4.19,127.54,2.55,2022-07-29,50.94,2.55,2022-07-29
22,3220,KOSPI,대원제약,의약품 제조업,"의약품(해열소염진통제,진해거담제,동맥경화용제,혈압강하제 등), 건강기능식품(프로바이오틱스 등)",1999-12-15,12월,"백승호,백승열",http://www.daewonpharm.com,서울특별시,2022-08-16,21845535.0,117056615266.0,13920988565.0,9210777037.0,10505252315.0,0.0,11.89,7.87,8.97,100958239652.0,10713698733.0,11987065363.0,5748744479.0,0.0,10.61,11.87,5.69,1920.0,74993570919.0,-2270701307.0,-6101970534.0,-8080616002.0,0.0,-3.03,-8.14,-10.78,77467918283.0,1565361833.0,7534463550.0,2190509202.0,0.0,2.02,9.73,2.83,-1476.0,354176435161.0,19425905258.0,22413390635.0,6988825613.0,319.0,10466.0,9997.0,9.12,1.63,18.34,3.2,14.92,8.59,56.088867127599485,30.322644379298943,18050,394311906750,9.4,23372,-15.83,73.27,5.08,78.19,39.0,2020-07-24,50.0,29.48,2021-08-24
14,37270,KOSPI,YG PLUS,"자료처리, 호스팅, 포털 및 기타 인터넷 정보매개 서비스업","광고대행,광고물 제작",2003-08-01,12월,최성준,http://www.ygplus.com,서울특별시,2022-08-16,63437241.0,30475361684.0,3791310740.0,5783496382.0,6370732073.0,3874118974.0,12.44,18.98,20.9,41979981897.0,8815971603.0,-594712398.0,13905189282.0,14942672562.0,21.0,-1.42,33.12,400.0,26597655024.0,1426338451.0,-1407601221.0,3197994548.0,1834822609.0,5.36,-5.29,12.02,33367727671.0,3151697221.0,201863040.0,-3285827636.0,21076063421.0,9.45,0.6,-9.85,200.0,154302563674.0,25571451133.0,7800716725.0,21926213919.0,345.0,2523.0,2297.0,10.7,9.83,15.85,15.05,7.079999999999999,11.55,14.57912983870574,25.81013100716756,6860,435179473260,17.15,10050,50.25,29.13,2.14,661.36,46.5,2021-11-17,60.11,46.5,2021-11-17
10,9160,KOSPI,SIMPAC,특수 목적용 기계 제조업,"프레스,자동화장치,자동차부품 제조,도매",1989-07-29,12월,최진식,http://www.simpac.co.kr,인천광역시,2022-08-12,65428156.0,197012100101.0,49760729972.0,55207255390.0,39315015202.0,0.0,25.26,28.02,19.96,232853504863.0,52165318710.0,29588509205.0,35105408817.0,0.0,22.4,12.71,15.08,2400.0,97965365499.0,9422148336.0,1706272441.0,10998325306.0,0.0,9.62,1.74,11.23,104765312043.0,487877995.0,-8253827481.0,26419377208.0,0.0,0.47,-7.88,25.22,672.0,613012779571.0,106401536463.0,63747132643.0,90832862627.0,1388.0,9323.0,8355.0,16.69,10.06,25.74,16.62,15.640000000000002,21.93,101.10382796766172,122.26202578142214,6790,444257179240,2.83,9470,14.09,6.82,5.9,292.95,39.47,2021-09-29,52.25,39.47,2021-09-29
45,7810,KOSPI,코리아써키트,전자부품 제조업,"인쇄회로기판,Module 제조/부동산(건물) 임대",1985-09-09,12월,장세준,http://www.kcg.co.kr,경기도,2022-08-16,23622635.0,410835044067.0,31170965540.0,33014800113.0,20308527024.0,0.0,7.59,8.04,4.94,415449707112.0,41406820564.0,23285717210.0,23404594500.0,0.0,9.97,5.6,5.63,3436.0,296720191742.0,7719823989.0,7839732304.0,6814002581.0,0.0,2.6,2.64,2.3,235664536117.0,-6227561409.0,-17105998347.0,-7481420625.0,0.0,-2.64,-7.26,-3.17,1152.0,1424168502751.0,85112839470.0,66837179704.0,56198128578.0,2378.0,30418.0,27600.0,6.93,5.28,11.3,8.62,4.99,12.61,38.458741771178,76.2885981731856,19500,460641382500,5.68,34250,29.73,14.4,5.62,248.78,75.64,2022-03-25,126.27,75.64,2022-03-25
37,7660,KOSPI,이수페타시스,전자부품 제조업,"P.C.B(인쇄회로기판),M.L.B 제조",2003-10-07,12월,서영준,http://www.petasys.com,대구광역시,2022-08-16,63248030.0,140471680986.0,18866104822.0,8796332880.0,14152224135.0,13903906504.0,13.43,6.26,10.07,123938240114.0,16495208735.0,-2612652979.0,425159190.0,10126194248.0,13.31,-2.11,0.34,892.0,98770992999.0,1904605064.0,6975211176.0,-2313453817.0,2546856383.0,1.93,7.06,-2.34,97719630807.0,2484671715.0,566538791.0,-9890409334.0,30387649072.0,2.54,0.58,-10.12,-144.0,469621094131.0,46875580199.0,3972190584.0,-3603718792.0,-56.0,3249.0,1984.0,11.55,-0.8,27.45,-2.87,11.5,10.77,42.21956945134914,26.83044245099816,7350,464873020500,8.24,8570,-59.51,-153.04,5.12,171.72,16.6,2022-04-19,114.36,16.6,2022-04-19
29,306200,KOSPI,세아제강,1차 철강 제조업,강관,2018-10-05,12월,"이휘령, 김석일",http://www.seahsteel.co.kr,서울특별시,2022-08-16,2836115.0,448817049225.0,59920752661.0,15326440678.0,45949532991.0,0.0,13.35,3.41,10.24,452244233590.0,43777313493.0,5941942542.0,24121694272.0,0.0,9.68,1.31,5.33,64804.0,321772601038.0,15750094843.0,16365333356.0,13199912005.0,0.0,4.89,5.09,4.1,301572487024.0,2155496504.0,-5000056547.0,-4666195728.0,0.0,0.71,-1.66,-1.55,18616.0,1497360775818.0,131945673869.0,22030620316.0,91395255230.0,32225.0,260717.0,239621.0,14.48,7.44,24.86,13.45,8.46,8.969999999999999,39.48268055675647,49.962033358172064,168500,477885377500,2.6,193000,10.37,5.99,15.83,254.13,14.54,2022-08-12,98.61,14.54,2022-08-12
17,25860,KOSPI,남해화학,"비료, 농약 및 살균, 살충제 제조업","비료(요소,복합비료),공업제품원료 제조,도매",1995-11-10,12월,하형수,http://www.nhchem.co.kr,서울특별시,2022-08-16,49676409.0,601271342022.0,47865764201.0,-155044093863.0,36299879650.0,0.0,7.96,-25.79,6.04,403936869690.0,12287667489.0,-43133557174.0,14424217318.0,0.0,3.04,-10.68,3.57,2920.0,306380261404.0,3125649236.0,-68464471447.0,2914284044.0,0.0,1.02,-22.35,0.95,214435100222.0,-4900592923.0,36406531550.0,-2840239002.0,0.0,-2.29,16.98,-1.32,232.0,1451884407283.0,20481749724.0,-118071166535.0,21664019600.0,436.0,10621.0,9493.0,14.49,3.01,27.49,4.59,6.94,5.33,96.25002579038534,88.372551542081,10050,499247910450,3.44,16450,70.91,37.73,2.76,108.23,63.68,2022-04-19,72.94,63.68,2022-04-19
53,322000,KOSPI,현대에너지솔루션,반도체 제조업,"태양광 셀·모듈, PV시스템, ESS",2019-11-19,12월,박종환,http://www.hyundai-es.co.kr/,경기도,2022-08-16,11200298.0,176087540879.0,7735516263.0,-31957698626.0,5589156937.0,0.0,4.39,-18.15,3.17,207076093784.0,5607965192.0,73985439151.0,-1135927335.0,0.0,2.71,35.73,-0.55,1996.0,90094067963.0,1569327185.0,-15462339195.0,-280418244.0,0.0,1.74,-17.16,-0.31,98300175952.0,-984229872.0,14338769750.0,8134974893.0,0.0,-1.0,14.59,8.28,-100.0,593163581874.0,9494797191.0,36486270987.0,-6655574104.0,-594.0,29018.0,28599.0,3.92,-1.1,6.88,-2.08,2.6499999999999995,3.71,95.4485404647462,,53000,593615794000,26.55,58600,-586.0,-98.65,10.67,186.55,10.57,2022-08-08,179.22,10.57,2022-08-08
3,7700,KOSPI,F&F홀딩스,기타 금융업,"스포츠웨어(골프웨어) 제조/도서출판(단행본,유아/아동전집류(아인슈타인시리즈),잡지)/이천고속도로휴게소/문구사무용품,수입의류 판매,소매",1984-10-04,12월,박의헌,http://www.fnfholdings.com,서울특별시,2022-08-16,39113363.0,438218951041.0,136578277681.0,124396487465.0,28170737144.0,95169185323.0,31.17,28.39,6.43,565069842756.0,173484001819.0,182059076555.0,40920338768.0,123963100976.0,30.7,32.22,7.24,2880.0,8011589603.0,1390583663.0,84249778243.0,56511719844.0,2088643476.0,17.36,1051.6,705.37,5903880644.0,-1109310990.0,121898661910.0,49195255143.0,168480087893.0,-18.79,2064.72,833.27,5776.0,727126345365.0,223050455460.0,279947856820.0,1912061597858.0,48885.0,64050.0,59169.0,3.72,65.65,4.5,82.62,13.810000000000002,49.49,5369.812768204023,9471.159663098366,19800,774444587400,6.88,51300,8.88,1.05,3.37,226.09,354.55,2021-05-20,158.61,159.09,2021-08-20
52,195870,KOSPI,해성디에스,전자부품 제조업,반도체 패키지용 Substrate,2016-06-24,12월,조병학,http://www.haesungds.com,경상남도,2022-08-16,16995841.0,199624482801.0,48338090920.0,28726900067.0,39765400258.0,0.0,24.21,14.39,19.92,187522174958.0,29914918871.0,36428279798.0,24323110851.0,0.0,15.95,19.43,12.97,9356.0,137478338064.0,10164555728.0,-8469241967.0,9312023720.0,0.0,7.39,-6.16,6.77,113450090185.0,6073610468.0,-10877261527.0,2240029192.0,0.0,5.35,-9.59,1.97,2188.0,655373012865.0,86329952850.0,57112624480.0,71261704522.0,4192.0,20315.0,17316.0,30.04,15.0,46.05,24.21,16.82,10.6,45.20431772172663,65.29045913688799,59500,1011252539500,6.36,73700,33.68,17.58,6.34,394.63,23.87,2022-04-27,72.9,23.87,2022-04-27
33,20560,KOSPI,아시아나항공,항공 여객 운송업,"항공운송(여객운송,화물운송)/항공기 제조,정비수리",2008-03-28,12월,정성권,http://www.flyasiana.com,서울특별시,2022-08-12,74421036.0,1246250096086.0,143524227260.0,428878751970.0,-11117158239.0,-46551582964.0,11.52,34.41,-0.89,1444454848053.0,118250407897.0,489010003141.0,237241043423.0,157049982473.0,8.19,33.85,16.42,-596.0,847160379434.0,-88608585312.0,176194381878.0,-319388249709.0,-345030903231.0,-10.46,20.8,-37.7,921472664680.0,-32290702555.0,-211080693890.0,166954705614.0,14651452255.0,-3.5,-22.91,18.12,-17164.0,4339706411421.0,93203600406.0,1008216924639.0,-362476384455.0,-4870.0,8491.0,7002.0,-0.34,-2.77,-7.02,-69.56,21.98,11.69,47.10911019217372,56.75504042809736,15350,1142362902600,-25.76,29150,-1.7,-5.99,4.82,86.93,104.59,2019-11-12,81.73,89.9,2021-09-23
34,10780,KOSPI,아이에스동서,"내화, 비내화 요업제품 제조업","타일,위생도기,콘크리트파일,P.C관,침목 제조,도매",1986-01-27,12월,"허석헌, 정원호, 김갑진(각자 대표이사)",http://www.isdongseo.co.kr,서울특별시,2022-08-16,30894384.0,589898548325.0,111697236169.0,142472347491.0,79166864100.0,0.0,18.93,24.15,13.42,645383360400.0,166501555439.0,119154068786.0,64050120062.0,0.0,25.8,18.46,9.92,10248.0,310227453764.0,40300810573.0,-55706521707.0,11937952126.0,0.0,12.99,-17.96,3.85,338254292082.0,52438901559.0,3582629121.0,13032116945.0,0.0,15.5,1.06,3.85,1544.0,1608440924896.0,310765130275.0,224248467500.0,104971578755.0,3397.0,49953.0,47156.0,9.1,2.99,20.52,7.21,5.94,10.3,90.15033684728458,90.79827677206396,41400,1279027497600,4.04,59500,38.54,17.52,4.87,125.79,64.98,2021-05-10,45.7,43.72,2022-03-11
19,353200,KOSPI,대덕전자,전자부품 제조업,"PCB(Printed Circuit Board, 인쇄회로기판)의 제조 및 판매",2020-05-21,12월,신영환,http://www.daeduck.com,경기도,2022-08-12,49409893.0,305351615827.0,44772597751.0,56075447436.0,36397658594.0,36397658594.0,14.66,18.36,11.92,280951475082.0,26806414302.0,126917768405.0,18694273352.0,21313104251.0,9.54,45.17,6.65,2944.0,233643847079.0,6709070817.0,-24550758309.0,12530750910.0,13550144147.0,2.87,-10.51,5.36,214417005258.0,-5735381416.0,59186966209.0,-12048714249.0,59793502287.0,-2.67,27.6,-5.62,1012.0,1000931518781.0,72467127013.0,203808775837.0,63027288650.0,1275.0,14529.0,13800.0,13.19,6.7,20.26,9.24,11.79,12.21,30.691058054592837,31.030407193655908,27750,1371124530750,9.43,33500,33.1,26.27,11.03,211.63,20.72,2022-05-30,90.99,20.72,2022-05-30
57,93370,KOSPI,후성,기초 화학물질 제조업,"불소화물 제조,도매",2006-12-22,12월,허국,http://www.foosungchem.com,경기도,2022-08-16,92596994.0,158587621484.0,52371494258.0,26458448147.0,34796320890.0,0.0,33.02,16.68,21.94,135051110846.0,29017086400.0,38800639679.0,-290059691.0,0.0,21.49,28.73,-0.21,1500.0,63219182855.0,-469015052.0,6383085423.0,-3925046727.0,0.0,-0.74,10.1,-6.21,68264545983.0,-762541100.0,13690466402.0,8629240807.0,0.0,-1.12,20.06,12.64,-168.0,381256774874.0,58138943581.0,83446715705.0,22564471869.0,243.0,3738.0,3061.0,19.88,3.66,40.13,7.96,33.760000000000005,22.61,150.85364018028798,97.83492133622616,16350,1513960851900,10.9,26650,-158.63,109.67,4.56,231.88,63.0,2022-05-23,50.68,63.0,2022-05-23
25,4000,KOSPI,롯데정밀화학,기초 화학물질 제조업,"염소·셀룰로스계열, 암모니아 계열, 전자재료 등 화학제품 제조",1976-04-15,12월,김용석,http://www.lottefinechem.com,울산광역시,2022-08-16,25798337.0,652348003050.0,110346564628.0,223252834426.0,29573277578.0,0.0,16.92,34.22,4.53,522558212712.0,84939517536.0,165496095241.0,225937440724.0,0.0,16.25,31.67,43.24,4584.0,343935896409.0,35519397622.0,42039561193.0,40493898353.0,0.0,10.33,12.22,11.77,303740508982.0,28461178115.0,33158286916.0,66606868596.0,0.0,9.37,10.92,21.93,6276.0,1780293056795.0,244513587616.0,308521791730.0,585458461667.0,22693.0,92917.0,85223.0,3.8,21.5,4.93,26.63,6.590000000000002,6.880000000000001,89.6713922161367,72.04100120309187,71500,1844581095500,15.6,98500,15.69,4.34,4.57,141.42,37.76,2021-09-29,43.74,37.76,2021-09-29
1,990,KOSPI,DB하이텍,반도체 제조업,반도체 제조,1975-12-12,12월,최창식,http://www.dbhitek.co.kr,경기도,2022-08-12,44408178.0,395024842725.0,181544900393.0,93254113025.0,158684674713.0,158684674713.0,45.96,23.61,40.17,367855453111.0,138146823747.0,169150979699.0,117372295503.0,117372295503.0,37.55,45.98,31.91,14292.0,243736208590.0,60590744587.0,50998531347.0,47810548964.0,47810548964.0,24.86,20.92,19.62,227818846946.0,30403226651.0,95699925876.0,13565936085.0,164432197016.0,13.35,42.01,5.95,4304.0,1214682040178.0,399106778303.0,393129114790.0,316891852008.0,7135.0,30865.0,24906.0,33.88,20.45,46.3,28.65,21.1,24.2,62.07064391876615,61.46840265511173,44800,1989486374400,3.13,84900,19.73,11.9,4.75,256.72,89.51,2022-01-20,65.3,89.51,2022-01-20
7,10060,KOSPI,OCI,기초 화학물질 제조업,"타르제품,카본블랙,무수프탈산,농약원제,석탄화학제품,정밀화학제품,플라스틱창호재 제조,판매",1985-07-09,12월,"백우석, 이우현, 김택중(3인, 각자 대표이사)",http://www.oci.co.kr,서울특별시,2022-08-12,23849712.0,1006076445000.0,162009377000.0,75882589000.0,134500216000.0,134158696000.0,16.1,7.54,13.37,1014153917000.0,218035700000.0,-15946799000.0,287578346000.0,289482909000.0,21.5,-1.57,28.36,22556.0,573677884000.0,47018557000.0,22302035000.0,38002120000.0,39757436000.0,8.2,3.89,6.62,564231511000.0,32975178000.0,-127092384000.0,-160043461000.0,742151690000.0,5.84,-22.52,-28.36,6372.0,3243996752000.0,625984935000.0,377690582000.0,647647565000.0,27155.0,148296.0,130978.0,8.47,11.35,15.21,20.73,7.900000000000002,15.66,75.37305743513724,79.74074422085937,125500,2993138856000,5.56,161000,25.27,5.93,10.63,190.72,28.29,2021-10-05,57.92,28.29,2021-10-05
48,28670,KOSPI,팬오션,해상 운송업,"해상화물운송(외항,운수보관)",2007-09-21,12월,"김홍국, 안중호(각자 대표이사)",http://www.panocean.com,서울특별시,2022-08-11,534638546.0,1440894000000.0,169106000000.0,273440000000.0,162871000000.0,0.0,11.74,18.98,11.3,1478035000000.0,220698000000.0,397260000000.0,224559000000.0,0.0,14.93,26.88,15.19,1216.0,679924000000.0,48898000000.0,6759000000.0,54620000000.0,0.0,7.19,0.99,8.03,620513000000.0,60183000000.0,115732000000.0,-13661000000.0,0.0,9.7,18.65,-2.2,408.0,4616107000000.0,572946000000.0,767687000000.0,549305000000.0,1027.0,7516.0,6727.0,8.76,8.47,16.18,15.27,4.55,5.23,111.9198616315941,138.19565424092644,5900,3154367421400,4.85,8310,20.37,8.09,5.51,141.4,48.64,2021-07-01,51.12,40.85,2021-08-31
23,3490,KOSPI,대한항공,항공 여객 운송업,"여객운송,화물운송,항공기 제조,판매,정비수리/기내식 제조판매,면세품 판매",1966-03-18,12월,"조원태, 우기홍",http://www.koreanair.com,서울특별시,2022-08-12,368209374.0,2884257098465.0,773092247067.0,1119316939574.0,532619942734.0,0.0,26.8,38.81,18.47,2907512024751.0,703747775508.0,1170521469827.0,409561527973.0,411767341044.0,24.2,40.26,14.09,5784.0,1792816354047.0,100973038995.0,510574675134.0,-53651166071.0,0.0,5.63,28.48,-2.99,1909996038608.0,117062091289.0,426859996928.0,426659604520.0,1233122169559.0,6.13,22.35,22.34,-580.0,9016824640301.0,1417968632826.0,3514195624777.0,577683539995.0,1568.0,21374.0,18646.0,7.68,2.17,27.06,8.41,21.17,18.07,60.878558027108845,52.22607617919392,26200,9647085598800,4.53,34250,-59.05,21.84,4.8,139.53,31.68,2021-06-11,31.53,30.73,2021-09-27
5,11200,KOSPI,HMM,해상 운송업,"정기,부정기,전용선,콘테이너선,자동차선,LNG선 해운",1995-10-05,12월,배재훈,http://www.hmm21.com,서울특별시,2022-08-10,489121783.0,4918670000000.0,3148609000000.0,3185430000000.0,3131708000000.0,0.0,64.01,64.76,63.67,4443041000000.0,2698529000000.0,2739542000000.0,2672685000000.0,0.0,60.74,61.66,60.15,25608.0,2428039000000.0,1019289000000.0,1113921000000.0,154072000000.0,0.0,41.98,45.88,6.35,2006532000000.0,567015000000.0,605636000000.0,136794000000.0,0.0,28.26,30.18,6.82,1256.0,13794148000000.0,7377522000000.0,7505033000000.0,5337056000000.0,10911.0,32821.0,21177.0,52.47,29.86,78.02,51.52,22.03000000000001,32.480000000000004,102.57788280995486,121.42886333235651,24950,12203588485850,0.97,42000,33.44,3.85,4.41,1325.35,102.81,2021-05-27,70.07,68.34,2021-09-01
30,3030,KOSPI,세아제강지주,기타 금융업,경영컨설팅업,1969-05-13,12월,"이주성, 김태현",http://www.seahsteel.co.kr/company/holdings/,서울특별시,2022-08-16,4141521000.0,916089648698.0,110970128965.0,4816662416.0,70888327178.0,0.0,12.11,0.53,7.74,820153117204.0,67998109952.0,-65765711783.0,35402466800.0,0.0,8.29,-8.02,4.32,68.0,584720291255.0,36939184443.0,12996941575.0,44729538626.0,0.0,6.32,2.22,7.65,573119686518.0,3811362223.0,38908082948.0,-35488433067.0,0.0,0.67,6.79,-6.19,40.0,2841722127579.0,298952263629.0,-165692653993.0,220656030829.0,53.0,411.0,383.0,8.93,7.61,16.51,13.91,5.789999999999999,7.619999999999999,56.67143117810629,43.103288282916346,163500,677138683500000,2404.41,183000,4575.0,3452.83,20.3,369.83,11.93,2022-08-12,73.67,11.93,2022-08-12
